"","x"
"1","ACH-000001"
"2","ACH-000004"
"3","ACH-000005"
"4","ACH-000006"
"5","ACH-000007"
"6","ACH-000008"
"7","ACH-000012"
"8","ACH-000014"
"9","ACH-000015"
"10","ACH-000018"
"11","ACH-000019"
"12","ACH-000021"
"13","ACH-000023"
"14","ACH-000024"
"15","ACH-000028"
"16","ACH-000030"
"17","ACH-000035"
"18","ACH-000039"
"19","ACH-000040"
"20","ACH-000042"
"21","ACH-000050"
"22","ACH-000053"
"23","ACH-000054"
"24","ACH-000062"
"25","ACH-000065"
"26","ACH-000068"
"27","ACH-000070"
"28","ACH-000075"
"29","ACH-000087"
"30","ACH-000090"
"31","ACH-000091"
"32","ACH-000096"
"33","ACH-000097"
"34","ACH-000098"
"35","ACH-000100"
"36","ACH-000109"
"37","ACH-000111"
"38","ACH-000114"
"39","ACH-000115"
"40","ACH-000117"
"41","ACH-000118"
"42","ACH-000132"
"43","ACH-000138"
"44","ACH-000146"
"45","ACH-000147"
"46","ACH-000151"
"47","ACH-000153"
"48","ACH-000155"
"49","ACH-000158"
"50","ACH-000159"
"51","ACH-000161"
"52","ACH-000164"
"53","ACH-000169"
"54","ACH-000188"
"55","ACH-000190"
"56","ACH-000192"
"57","ACH-000198"
"58","ACH-000201"
"59","ACH-000202"
"60","ACH-000207"
"61","ACH-000209"
"62","ACH-000211"
"63","ACH-000212"
"64","ACH-000213"
"65","ACH-000217"
"66","ACH-000219"
"67","ACH-000222"
"68","ACH-000223"
"69","ACH-000234"
"70","ACH-000235"
"71","ACH-000236"
"72","ACH-000239"
"73","ACH-000242"
"74","ACH-000243"
"75","ACH-000247"
"76","ACH-000248"
"77","ACH-000250"
"78","ACH-000255"
"79","ACH-000260"
"80","ACH-000263"
"81","ACH-000264"
"82","ACH-000265"
"83","ACH-000276"
"84","ACH-000278"
"85","ACH-000281"
"86","ACH-000288"
"87","ACH-000291"
"88","ACH-000304"
"89","ACH-000309"
"90","ACH-000311"
"91","ACH-000315"
"92","ACH-000318"
"93","ACH-000330"
"94","ACH-000335"
"95","ACH-000343"
"96","ACH-000347"
"97","ACH-000348"
"98","ACH-000349"
"99","ACH-000350"
"100","ACH-000351"
"101","ACH-000356"
"102","ACH-000357"
"103","ACH-000361"
"104","ACH-000362"
"105","ACH-000364"
"106","ACH-000365"
"107","ACH-000367"
"108","ACH-000368"
"109","ACH-000369"
"110","ACH-000371"
"111","ACH-000374"
"112","ACH-000375"
"113","ACH-000376"
"114","ACH-000378"
"115","ACH-000380"
"116","ACH-000383"
"117","ACH-000387"
"118","ACH-000388"
"119","ACH-000390"
"120","ACH-000393"
"121","ACH-000395"
"122","ACH-000396"
"123","ACH-000400"
"124","ACH-000403"
"125","ACH-000404"
"126","ACH-000406"
"127","ACH-000407"
"128","ACH-000409"
"129","ACH-000411"
"130","ACH-000414"
"131","ACH-000415"
"132","ACH-000416"
"133","ACH-000420"
"134","ACH-000421"
"135","ACH-000423"
"136","ACH-000424"
"137","ACH-000425"
"138","ACH-000427"
"139","ACH-000429"
"140","ACH-000430"
"141","ACH-000433"
"142","ACH-000438"
"143","ACH-000441"
"144","ACH-000442"
"145","ACH-000447"
"146","ACH-000448"
"147","ACH-000454"
"148","ACH-000463"
"149","ACH-000467"
"150","ACH-000473"
"151","ACH-000475"
"152","ACH-000476"
"153","ACH-000479"
"154","ACH-000480"
"155","ACH-000481"
"156","ACH-000484"
"157","ACH-000486"
"158","ACH-000487"
"159","ACH-000488"
"160","ACH-000491"
"161","ACH-000493"
"162","ACH-000495"
"163","ACH-000496"
"164","ACH-000502"
"165","ACH-000506"
"166","ACH-000508"
"167","ACH-000510"
"168","ACH-000511"
"169","ACH-000518"
"170","ACH-000521"
"171","ACH-000522"
"172","ACH-000524"
"173","ACH-000528"
"174","ACH-000530"
"175","ACH-000532"
"176","ACH-000535"
"177","ACH-000536"
"178","ACH-000542"
"179","ACH-000546"
"180","ACH-000547"
"181","ACH-000550"
"182","ACH-000551"
"183","ACH-000552"
"184","ACH-000553"
"185","ACH-000555"
"186","ACH-000558"
"187","ACH-000563"
"188","ACH-000573"
"189","ACH-000574"
"190","ACH-000576"
"191","ACH-000579"
"192","ACH-000580"
"193","ACH-000582"
"194","ACH-000587"
"195","ACH-000589"
"196","ACH-000595"
"197","ACH-000601"
"198","ACH-000605"
"199","ACH-000606"
"200","ACH-000607"
"201","ACH-000611"
"202","ACH-000614"
"203","ACH-000615"
"204","ACH-000617"
"205","ACH-000620"
"206","ACH-000621"
"207","ACH-000622"
"208","ACH-000624"
"209","ACH-000625"
"210","ACH-000627"
"211","ACH-000632"
"212","ACH-000635"
"213","ACH-000638"
"214","ACH-000641"
"215","ACH-000643"
"216","ACH-000644"
"217","ACH-000647"
"218","ACH-000649"
"219","ACH-000650"
"220","ACH-000651"
"221","ACH-000652"
"222","ACH-000657"
"223","ACH-000661"
"224","ACH-000662"
"225","ACH-000666"
"226","ACH-000667"
"227","ACH-000668"
"228","ACH-000670"
"229","ACH-000671"
"230","ACH-000672"
"231","ACH-000677"
"232","ACH-000678"
"233","ACH-000680"
"234","ACH-000681"
"235","ACH-000684"
"236","ACH-000685"
"237","ACH-000693"
"238","ACH-000695"
"239","ACH-000696"
"240","ACH-000699"
"241","ACH-000701"
"242","ACH-000711"
"243","ACH-000713"
"244","ACH-000714"
"245","ACH-000718"
"246","ACH-000720"
"247","ACH-000722"
"248","ACH-000724"
"249","ACH-000726"
"250","ACH-000727"
"251","ACH-000728"
"252","ACH-000730"
"253","ACH-000734"
"254","ACH-000738"
"255","ACH-000739"
"256","ACH-000747"
"257","ACH-000748"
"258","ACH-000749"
"259","ACH-000750"
"260","ACH-000752"
"261","ACH-000753"
"262","ACH-000754"
"263","ACH-000755"
"264","ACH-000768"
"265","ACH-000769"
"266","ACH-000777"
"267","ACH-000778"
"268","ACH-000782"
"269","ACH-000783"
"270","ACH-000784"
"271","ACH-000785"
"272","ACH-000787"
"273","ACH-000788"
"274","ACH-000790"
"275","ACH-000793"
"276","ACH-000794"
"277","ACH-000799"
"278","ACH-000800"
"279","ACH-000805"
"280","ACH-000809"
"281","ACH-000810"
"282","ACH-000817"
"283","ACH-000819"
"284","ACH-000820"
"285","ACH-000824"
"286","ACH-000827"
"287","ACH-000831"
"288","ACH-000832"
"289","ACH-000833"
"290","ACH-000842"
"291","ACH-000846"
"292","ACH-000847"
"293","ACH-000848"
"294","ACH-000849"
"295","ACH-000852"
"296","ACH-000853"
"297","ACH-000855"
"298","ACH-000856"
"299","ACH-000857"
"300","ACH-000859"
"301","ACH-000860"
"302","ACH-000865"
"303","ACH-000866"
"304","ACH-000867"
"305","ACH-000869"
"306","ACH-000878"
"307","ACH-000879"
"308","ACH-000880"
"309","ACH-000881"
"310","ACH-000882"
"311","ACH-000883"
"312","ACH-000886"
"313","ACH-000888"
"314","ACH-000890"
"315","ACH-000895"
"316","ACH-000898"
"317","ACH-000899"
"318","ACH-000900"
"319","ACH-000909"
"320","ACH-000910"
"321","ACH-000911"
"322","ACH-000912"
"323","ACH-000915"
"324","ACH-000916"
"325","ACH-000917"
"326","ACH-000919"
"327","ACH-000922"
"328","ACH-000924"
"329","ACH-000925"
"330","ACH-000926"
"331","ACH-000929"
"332","ACH-000932"
"333","ACH-000935"
"334","ACH-000938"
"335","ACH-000943"
"336","ACH-000945"
"337","ACH-000946"
"338","ACH-000954"
"339","ACH-000956"
"340","ACH-000957"
"341","ACH-000958"
"342","ACH-000960"
"343","ACH-000961"
"344","ACH-000963"
"345","ACH-000966"
"346","ACH-000967"
"347","ACH-000970"
"348","ACH-000971"
"349","ACH-000974"
"350","ACH-000977"
"351","ACH-000979"
"352","ACH-000980"
"353","ACH-000984"
"354","ACH-000985"
"355","ACH-000986"
"356","ACH-000987"
"357","ACH-000988"
"358","ACH-000990"
"359","ACH-000994"
"360","ACH-000996"
"361","ACH-000997"
"362","ACH-001075"
"363","ACH-001129"
"364","ACH-001190"
"365","ACH-001239"
"366","ACH-001306"
"367","ACH-001307"
