"","Gene_Symbol","Protein_ID.x","Protein.Diff.Gain.RPAA","Protein.Diff.Loss.RPAA","X","RNA_ID","RNA.Pvalue.Gain","RNA.Diff.Gain","RNA.Pvalue.Loss","RNA.Diff.Loss","RNA.Pvalue.GainvLoss","RNA.Diff.GainvLoss","Protein_ID.y","Protein.Pvalue.Gain","Protein.Diff.Gain","Protein.Pvalue.Loss","Protein.Diff.Loss","Protein.Pvalue.GainvLoss","Protein.Diff.GainvLoss","Three.RNA.Gain","Three.RNA.Loss","Three.Protein.Gain","Three.Protein.Loss"
"1","ACACA","ACC1",0.215699856535283,-0.0193831925298364,71,"ACACA..31.",0.100189155708738,0.180546950278032,0.0215013282639503,-0.21998014272936,0.00285380126292936,0.400527093007391,"sp.Q13085.4.ACACA_HUMAN",0.337724344845327,0.0923550066987025,0.0160301169107701,-0.236291528125403,0.00954416984177141,0.328646534824106,"Buffering","Buffering","Buffering","Buffering"
"2","ACTB","beta Actin",0.27592344620559,-0.186301833290762,125,"ACTB..60.",0.15416558756537,0.114627853998773,0.0582471701118495,-0.274900323992229,0.00995648417361195,0.389528177991002,"sp.P60709.ACTB_HUMAN",0.00317718323823498,0.128563939851088,0.243429035192384,0.0824371105053991,0.516240421588934,0.0461268293456888,"Buffering","Scaling","Buffering","Buffering"
"3","ADAR","ADAR1",0.171944897989233,-0.0934290397623747,165,"ADAR..103.",0.000118366631972062,0.287817747550821,0.000360307082042043,-0.447052398665124,2.84930969716935e-07,0.734870146215945,"sp.P55265.4.DSRAD_HUMAN",0.0123350182812594,0.157395551858793,0.0315868632359607,-0.210750999311308,0.000856076100449958,0.368146551170101,"Scaling","Scaling","Buffering","Buffering"
"4","ANXA1","Annexin 1",0.887894133145976,0.0276068250992929,417,"ANXA1..301.",0.000174613867267203,1.4897086153379,0.81313512440124,0.0719571026946761,0.000607501872771125,1.41775151264322,"sp.P04083.ANXA1_HUMAN",0.000437554170212956,0.801908206584689,0.286478903028552,-0.17687958634839,7.49317744215933e-05,0.978787792933079,"Scaling","Buffering","Scaling","Buffering"
"5","ANXA7","Annexin_VII",0.181165544971685,-0.178575408134176,426,"ANXA7..310.",0.328908184325165,0.113544020244944,0.000110678305015845,-0.298495200206233,0.00244681980002055,0.412039220451176,"sp.P20073.ANXA7_HUMAN",0.130908516787609,0.18699243483279,0.000382725147595097,-0.26968929624333,0.00130848186083696,0.456681731076121,"Buffering","Scaling","Buffering","Scaling"
"6","ASNS","ASNS",0.247754649485081,-0.152823152024306,632,"ASNS..440.",0.195945861136061,0.208071164208016,0.563831114450501,-0.129485618376147,0.158295773859472,0.337556782584163,"sp.P08243.ASNS_HUMAN",0.143328750839402,0.169758494770134,0.00488831204030393,-0.358406824721449,0.000187552906839371,0.528165319491583,"Buffering","Buffering","Buffering","Scaling"
"7","ATM","ATM",0.285869236550867,-0.291713527451865,677,"ATM..472.",0.085800352051686,0.204107122099725,1.14857649908608e-05,-0.533699232184652,1.72938787771325e-06,0.737806354284377,"sp.Q13315.ATM_HUMAN",0.0107345038843181,0.254518779443745,0.00233651644374041,-0.306484595987468,5.50798463227008e-06,0.561003375431214,"Buffering","Scaling","Scaling","Scaling"
"8","BAK1","Bak",0.0115464391223156,-0.015545229688785,779,"BAK1..578.",0.427592157840465,0.0766157789633866,0.00045313565511647,-0.287808355925001,0.00189567277246934,0.364424134888387,"sp.Q16611.BAK_HUMAN",0.870558114344829,0.0249470143217846,0.0780815812380429,-0.195790984871781,0.208677972116517,0.220737999193565,"Buffering","Scaling","Buffering","Buffering"
"9","BAP1","Bap1 c-4",-0.0638503886042222,-0.0873075421724245,782,"BAP1..8314.",0.0330163483611215,0.354009257313542,2.43283254281826e-16,-0.516371857567766,2.36866330335854e-05,0.870381114881309,"sp.Q92560.BAP1_HUMAN",0.295992251278032,0.123679912256298,0.637552724138638,0.0233144677837253,0.38518751215898,0.100365444472573,"Scaling","Scaling","Buffering","Buffering"
"10","BAX","Bax",-0.0103871492138675,-0.34270494224219,785,"BAX..581.",0.453541488676755,-0.0825164992023337,6.21417698961593e-06,-0.419748408797378,0.0052883956927204,0.337231909595044,"sp.Q07812.2.BAX_HUMAN",0.742073989335269,0.0327519646070459,0.000793675792724262,-0.300302380624973,0.00432990210673905,0.333054345232019,"Buffering","Scaling","Buffering","Scaling"
"11","BCL2","Bcl-2",0.725626789108267,-0.734854413245217,815,"BCL2..596.",0.0373317434331143,0.921395653831345,9.48114613660747e-15,-1.17441742143942,4.82439782745538e-05,2.09581307527077,"sp.P10415.BCL2_HUMAN",0.0145235174161721,1.51598796784858,0.00365502323527337,-0.5426150247283,0.00208951562114373,2.05860299257688,"Scaling","Scaling","Scaling","Scaling"
"12","BCL2L1","Bcl-xL",0.144691007645683,-0.098852366097626,816,"BCL2L1..598.",7.81236881002173e-07,0.540481662675104,0.0324944919509572,0.458649339065158,0.693183275202957,0.0818323236099463,"sp.Q07817.B2CL1_HUMAN",0.000521513223915346,0.314544067066784,0.0927675926493291,0.310934914726207,0.984049798684652,0.00360915234057721,"Scaling","Anti-Scaling","Scaling","Anti-Scaling"
"13","BCL2L11","Bim",-0.347894165071178,-0.00146365389093306,817,"BCL2L11..10018.",0.447696358123928,-0.10752072394953,0.257839949292808,-0.132826259253779,0.879577364996448,0.0253055353042493,"sp.O43521.12.B2L11_HUMAN",0.196902940496625,-0.259754659974941,0.451226533749853,-0.188872621349085,0.806018103239446,-0.0708820386258564,"Anti-Scaling","Buffering","Anti-Scaling","Buffering"
"14","BECN1","Beclin",-0.0360758961573388,-0.0484683817150435,837,"BECN1..8678.",0.00239043445170317,0.208283978565339,1.38567051750723e-05,-0.35786055859027,1.43555498987015e-08,0.566144537155608,"sp.Q14457.BECN1_HUMAN",0.878108171316314,0.00825708286137441,0.00443600515644773,-0.1852185382302,0.00939860287098631,0.193475621091575,"Buffering","Scaling","Buffering","Buffering"
"15","BID","Bid",0.000684190939410793,0.0337522451100724,848,"BID..637.",0.622353359307495,-0.0962359454472379,0.207374742693754,-0.135358228696346,0.846111155801464,0.0391222832491076,"sp.P55957.2.BID_HUMAN",0.859187633121331,-0.0392791669038747,0.00284375244416287,-0.299837769785417,0.257159805645227,0.260558602881543,"Buffering","Buffering","Buffering","Scaling"
"16","BIRC2","cIAP",0.0597801091317985,-0.0838838566298134,853,"BIRC2..329.",0.00236391882337742,0.359453743572368,0.264785304865332,-0.135554162952948,0.00103544914391378,0.495007906525316,"sp.Q13490.BIRC2_HUMAN",0.137976322467091,0.130311046961143,0.28900441347732,-0.089994969653203,0.0459593693419414,0.220306016614346,"Scaling","Buffering","Buffering","Buffering"
"17","BRAF","B-Raf",0.16657060286662,-0.361711869829416,893,"BRAF..673.",0.000130307906654202,0.22724014715486,0.119802103413432,-0.128537206253339,8.77093629566224e-05,0.355777353408199,"sp.P15056.BRAF_HUMAN",0.0280882372339665,0.146325885859355,0.0071287427948964,-0.252363248109437,4.04776064914105e-05,0.398689133968792,"Buffering","Buffering","Buffering","Scaling"
"18","BRCA2","BRCA2",0.0386630361035912,-0.000283523990645858,897,"BRCA2..675.",0.0109924773307391,0.326536619707361,4.32433245891358e-05,-0.310722278190795,5.64323339210669e-06,0.637258897898156,"sp.P51587.BRCA2_HUMAN",0.920669394756432,-0.0161835057955443,0.106086787131841,-0.137901741124197,0.458737016339771,0.121718235328653,"Scaling","Scaling","Buffering","Buffering"
"19","CASP8","Caspase-8",0.0935423669486281,-0.0522269523202811,1133,"CASP8..841.",0.218855697688668,0.20175339208097,0.00824492672352797,-0.350537400200555,0.00546829535132209,0.552290792281525,"sp.Q14790.9.CASP8_HUMAN",0.129289523136615,0.207250232785206,0.00131372138112451,-0.342978302580704,0.000648093859216879,0.55022853536591,"Buffering","Scaling","Buffering","Scaling"
"20","CAV1","Caveolin-1",0.437927491503653,1.12366694260195,1139,"CAV1..857.",0.0212109638373302,0.801027789546859,0.00365985537759053,1.3125630196463,0.274249693113481,-0.511535230099438,"sp.Q03135.CAV1_HUMAN",0.514562293222666,0.132683402168025,0.011042904395585,0.666575067701073,0.0526009939604702,-0.533891665533047,"Scaling","Anti-Scaling","Buffering","Anti-Scaling"
"21","CCNB1","Cyclin_B1",0.284312886114344,-0.0970908976230901,1222,"CCNB1..891.",0.11182351471425,0.220429935498697,0.000170714332788116,-0.31983503047345,0.000523231657362059,0.540264965972147,"sp.P14635.CCNB1_HUMAN",0.584995579963424,0.0852278309754058,0.211888186808846,-0.110322638405819,0.242129573436103,0.195550469381225,"Buffering","Scaling","Buffering","Buffering"
"22","CCND1","Cyclin_D1",-0.0155262650766408,-0.000434635209837567,1225,"CCND1..595.",0.020929486531874,0.714049927957764,0.00104570723238465,0.849381564363296,0.680715411755192,-0.135331636405532,"sp.P24385.CCND1_HUMAN",0.0451117219600165,0.406890730292883,0.199131440284184,0.220994025385593,0.419065870722483,0.185896704907291,"Scaling","Anti-Scaling","Scaling","Anti-Scaling"
"23","CCNE1","Cyclin_E1",0.190070470942701,-0.0351484791662313,1228,"CCNE1..898.",0.00934644338025744,0.46893871338562,0.0534237732740107,-0.240376352878007,0.000455959966213033,0.709315066263627,"sp.P24864.CCNE1_HUMAN",0.632084274838256,0.15765581370512,0.372929926400428,0.178992884309688,0.951035196210171,-0.0213370706045675,"Scaling","Buffering","Buffering","Anti-Scaling"
"24","CDH1","E-Cadherin",1.00073286009598,0.335218697305279,1322,"CDH1..999.",0.205992550475379,0.762333033012589,0.837134289776321,0.0727553182096536,0.278715333399564,0.689577714802935,"sp.P12830.CADH1_HUMAN",0.971323858424781,0.0127555741162561,0.714932787944325,-0.0749471513464411,0.812076953312604,0.0877027254626972,"Scaling","Buffering","Buffering","Buffering"
"25","CDH2","N-Cadherin",0.0441874392275981,-0.0770195357147184,1326,"CDH2..1000.",0.11681478427552,1.13466479608728,0.321788136920805,-0.268066109485918,0.0532142739701623,1.4027309055732,"sp.P19022.CADH2_HUMAN",0.156920215374761,0.763177735639585,0.608429742416827,0.094651938346841,0.210302972904173,0.668525797292744,"Scaling","Scaling","Scaling","Buffering"
"26","CDH3","P-Cadherin",0.356809487305689,0.12026322218941,1327,"CDH3..1001.",0.0986226123617814,0.981995317759312,0.656839368180078,0.149213957152969,0.185580260954954,0.832781360606343,"sp.P22223.CADH3_HUMAN",0.549625246021767,0.193275481031782,0.754464499003172,-0.059043770535925,0.457443940031459,0.252319251567707,"Scaling","Anti-Scaling","Buffering","Buffering"
"27","CDK1","CDK1",-0.0735979617652802,-0.0513033938737666,1333,"CDK1..983.",0.00629331115254015,0.359249813109546,0.0109140887332956,-0.218813156514424,0.000100907033888368,0.578062969623971,"sp.P06493.CDK1_HUMAN",0.195529151010412,0.254993291571182,0.649482105786616,-0.0375051560716463,0.151948505549799,0.292498447642828,"Scaling","Buffering","Scaling","Buffering"
"28","CDKN1A","p21",0.104203800373483,-0.0992035888412761,1356,"CDKN1A..1026.",0.98640350887849,-0.00482118077527449,0.258533889169656,0.244983968594194,0.430488793026862,-0.249805149369468,"sp.P38936.CDN1A_HUMAN",0.197036379004094,-0.387874790358393,0.984157941981198,0.00472270435593915,0.25867537299816,-0.392597494714332,"Buffering","Anti-Scaling","Anti-Scaling","Buffering"
"29","CDKN1B","p27",0.0727626798174986,-0.100109655279503,1357,"CDKN1B..1027.",0.000826445338631352,0.348843540090193,0.00161597488784287,-0.316170139449972,4.00927023727308e-07,0.665013679540166,"sp.P46527.CDN1B_HUMAN",7.50887602823868e-05,0.595446274305485,0.503956593967124,-0.0908219166614616,7.50289015558454e-05,0.686268190966947,"Scaling","Scaling","Scaling","Buffering"
"30","CDKN2A","p14 Arf(BetA300-340A)",0.418722612903226,-0.0280400790190739,1358,"CDKN2A..1029.",0.549296344711179,0.410283189157404,0.651684680058897,-0.150465402848232,0.412669841111262,0.560748592005636,"sp.Q8N726.CD2A2_HUMAN",0.189049535002958,0.539494314307192,0.253659615469689,0.231922949132867,0.454488051781156,0.307571365174325,"Scaling","Buffering","Scaling","Anti-Scaling"
"31","CDKN2A","p14 Arf(BetA300-340A)",0.418722612903226,-0.0280400790190739,1359,"CDKN2A..1029.",0.549296344711179,0.410283189157404,0.651684680058897,-0.150465402848232,0.412669841111262,0.560748592005636,"sp.P42771.CD2A1_HUMAN",0.154415316451568,0.583341186311853,0.215872489927601,-0.245971969969287,0.0411949769404851,0.829313156281139,"Scaling","Buffering","Scaling","Buffering"
"32","CHEK1","Chk1",0.166491399153696,-0.245848454159146,1472,"CHEK1..1111.",0.0096795151061759,0.281030434598195,1.936758689213e-10,-0.569111275057148,8.37899008308093e-11,0.850141709655343,"sp.O14757.CHK1_HUMAN",0.0252947145703767,0.275664555075904,9.49182606623546e-05,-0.342281953624456,3.80766152227864e-06,0.61794650870036,"Scaling","Scaling","Scaling","Scaling"
"33","CHEK2","Chk2",-0.0110878858393552,-0.210205271146162,1473,"CHEK2..11200.",0.380603293498614,0.132374130787791,1.05580602869267e-06,-0.378548859379274,0.0024666841852686,0.510922990167065,"sp.O96017.9.CHK2_HUMAN",0.68384701755105,-0.094639555133682,0.0172601966810449,-0.17777112175922,0.722710438052122,0.0831315666255378,"Buffering","Scaling","Buffering","Buffering"
"34","CLDN7","Claudin-7",0.059588639215267,0.5087315869901,1555,"CLDN7..1366.",0.992535565455982,-0.00563317124692064,0.0583485317045407,0.647465395561294,0.29306632206623,-0.653098566808215,"sp.O95471.CLD7_HUMAN",0.167821903425532,-0.799927832357334,0.97091635674492,-0.00970007030144725,0.177802740838342,-0.790227762055887,"Buffering","Anti-Scaling","Anti-Scaling","Buffering"
"35","COL6A1","Collagen_VI",0.106069808054523,-0.0646129377788104,1686,"COL6A1..1291.",0.805915601205858,0.136235389229518,0.236576337496964,-0.309977306620753,0.432575424683917,0.446212695850271,"sp.P12109.CO6A1_HUMAN",0.635692691325369,0.149667096565223,0.553040836606299,-0.0947993686217958,0.451225736751798,0.244466465187019,"Buffering","Scaling","Buffering","Buffering"
"36","CTNNA1","alpha-Catenin",0.048474404,0.266807757,1870,"CTNNA1..1495.",6.02808611494132e-05,0.575568087783053,0.33639754884557,-0.142050362638093,8.3060800457009e-05,0.717618450421146,"sp.P35221.CTNA1_HUMAN",0.453457813222098,-0.12347085489619,0.953933370888073,0.00961690291149517,0.51959835376473,-0.133087757807685,"Scaling","Buffering","Anti-Scaling","Buffering"
"37","CTNNB1","beta-Catenin",0.378983077013732,0.943005315287653,1873,"CTNNB1..1499.",0.0307902801786741,0.470104833809494,1.24821920136994e-05,-0.381602175303013,0.000517715266686786,0.851707009112507,"tr.B4DGU4.B4DGU4_HUMAN",0.443862298860693,-0.212781813433608,0.00031859790365256,0.456487699526396,0.0236803925442185,-0.669269512960004,"Scaling","Scaling","Anti-Scaling","Anti-Scaling"
"38","DIABLO","Smac",0.332718943131156,-0.0849752827947699,2134,"DIABLO..56616.",0.0699362210771297,0.207054328846428,0.00591593692887316,-0.163567287889646,0.00340135763908566,0.370621616736074,"sp.Q9NR28.DBLOH_HUMAN",0.000384406891938534,0.367379996492627,0.756697084625526,-0.0216992988244535,0.000523993168776208,0.38907929531708,"Buffering","Buffering","Scaling","Buffering"
"39","DVL3","Dvl3",0.116582478329146,-0.091739752435065,2313,"DVL3..1857.",2.56170005189441e-05,0.33145276972051,9.28764685538614e-05,-0.473279413398813,8.55438763946489e-09,0.804732183119323,"sp.Q92997.DVL3_HUMAN",0.163124135089646,0.0846376732245525,0.0343766785689216,-0.156130581527292,0.0053387977367884,0.240768254751845,"Scaling","Scaling","Buffering","Buffering"
"40","EEF2","eEF2",0.362841314018692,-0.218262184163127,2373,"EEF2..1938.",0.0166820322210319,0.482522677706507,2.71895678204445e-12,-0.462526702830004,4.84201261536148e-05,0.945049380536512,"sp.P13639.EF2_HUMAN",0.799286463705058,0.045502635099228,3.20009899667508e-07,-0.367297454123789,0.0303291135347228,0.412800089223017,"Scaling","Scaling","Buffering","Scaling"
"41","EEF2K","eEF2K",0.295504324275362,-0.21190862915601,2374,"EEF2K..29904.",0.0328005933049353,0.247554896949411,0.00628169241881465,-0.205850076436942,0.000548128314914948,0.453404973386353,"sp.O00418.EF2K_HUMAN",0.017344864204186,0.324951453976275,0.731195394133385,-0.0270081426660249,0.0142799506604928,0.3519595966423,"Buffering","Buffering","Scaling","Buffering"
"42","EGFR","EGFR",0.529021724595089,-0.144772377607492,2387,"EGFR..1956.",0.00229617933248539,0.779150239346075,0.897873864825692,-0.0521655972862516,0.0440939206308808,0.831315836632327,"sp.P00533.EGFR_HUMAN",0.0264379420737543,0.378574434049852,0.924020125908026,0.0276768110804574,0.230709652907226,0.350897622969395,"Scaling","Buffering","Scaling","Buffering"
"43","EIF4E","eIF4E",0.17481182590612,-0.275177869566451,2436,"EIF4E..1977.",0.685830350110895,0.0866099003060627,2.00846766035523e-17,-0.478468297755322,0.019557750161467,0.565078198061385,"sp.P06730.2.IF4E_HUMAN",0.0238854407287704,0.245910441622782,2.89217134160413e-12,-0.31889976958599,4.7625363995564e-05,0.564810211208772,"Buffering","Scaling","Buffering","Scaling"
"44","EIF4EBP1","4E-BP1",0.347527764322178,-0.208256569761343,2438,"EIF4EBP1..1978.",0.00144011428016674,0.536557110907752,1.37794063444748e-05,-0.45634643698048,1.151972685209e-07,0.992903547888232,"sp.Q13541.4EBP1_HUMAN",0.0250619666122488,0.562143925156282,2.52937497874254e-05,-0.571529471638275,2.33365773004286e-05,1.13367339679456,"Scaling","Scaling","Scaling","Scaling"
"45","ERBB2","HER2",0.0924743451498328,0.255822894666274,2563,"ERBB2..2064.",0.9553158472504,-0.0134336117637961,0.435773400837805,0.247842193658047,0.476888603811266,-0.261275805421843,"sp.P04626.ERBB2_HUMAN",0.405431229902766,-0.134654066029803,0.710272570571732,0.0758925063895472,0.371075229567433,-0.21054657241935,"Buffering","Anti-Scaling","Anti-Scaling","Buffering"
"46","ERBB3","HER3",0.301918486400553,0.107712582696849,2564,"ERBB3..2065.",0.0766396319335837,0.768822310189577,0.435434500356627,0.251385871009743,0.295099165565338,0.517436439179833,"sp.P21860.ERBB3_HUMAN",0.372757361114588,0.263402298828151,0.338705657253325,0.233592211129417,0.931942843273402,0.0298100876987336,"Scaling","Anti-Scaling","Scaling","Anti-Scaling"
"47","ERCC1","ERCC1",0.0714848421288073,0.0454343952878487,2567,"ERCC1..2067.",0.0121124352285701,0.234541479903069,0.000435426353848686,-0.332153804500511,4.37033516039182e-07,0.56669528440358,"sp.P07992.3.ERCC1_HUMAN",0.982541491513178,-0.00173497929451644,0.216284035914556,-0.0792416127758514,0.389181991028221,0.0775066334813349,"Buffering","Scaling","Buffering","Buffering"
"48","ERRFI1","MIG-6",0.10030730493376,0.0471449531968786,2591,"ERRFI1..54206.",0.158259982392898,0.505502636740606,0.567406249672275,0.133628767030553,0.331798620468908,0.371873869710053,"sp.Q9UJM3.ERRFI_HUMAN",0.833966090403887,0.0601460429106381,0.432815748903509,-0.139392873539888,0.515891953138987,0.199538916450526,"Scaling","Anti-Scaling","Buffering","Buffering"
"49","ETS1","ETS-1",0.0633660561934073,0.0230165935055657,2613,"ETS1..2113.",0.0215837015901699,0.679854771425666,0.482886965694608,0.176401250889182,0.119811125537634,0.503453520536485,"sp.P14921.ETS1_HUMAN",0.0324609860595429,0.386713058812372,0.940577156440396,-0.0107209134819782,0.0379911957109677,0.39743397229435,"Scaling","Anti-Scaling","Scaling","Buffering"
"50","FASN","FASN",0.200684514259112,-0.0189617232650656,2785,"FASN..2194.",0.334103432932517,0.130217223030791,0.593081026475792,0.0924743013749048,0.852926328786945,0.0377429216558864,"sp.P49327.FAS_HUMAN",0.173937918031371,0.168496396551208,0.36268557724651,-0.137870162595609,0.0983001792604942,0.306366559146817,"Buffering","Buffering","Buffering","Buffering"
"51","FN1","Fibronectin",0.517797475902621,0.129804799351969,2915,"FN1..2335.",0.0319729795656384,1.42651131380505,0.010586656585901,1.14846286998852,0.703209025763504,0.278048443816532,"sp.P02751.FINC_HUMAN",0.0343707573094714,0.612861370643368,0.0323530682034379,0.506143632614535,0.75468752087212,0.106717738028834,"Scaling","Anti-Scaling","Scaling","Anti-Scaling"
"52","FOSL1","FRA1",0.304500336953305,0.107804220235409,2930,"FOSL1..8061.",0.0421048842009797,0.791084202190002,0.238416300780341,0.370854931937934,0.331105498570177,0.420229270252069,"sp.P15407.FOSL1_HUMAN",0.0124627707777498,0.654989739097686,0.0110343628245387,0.499037822968464,0.58482278646335,0.155951916129221,"Scaling","Anti-Scaling","Scaling","Anti-Scaling"
"53","FOXM1","FoxM1",0.403328407809984,-0.100052968332392,2939,"FOXM1..2305.",3.79625315974178e-07,0.531240353025439,0.00784192764165955,-0.284212383816445,1.23877771878749e-09,0.815452736841885,"sp.Q08050.3.FOXM1_HUMAN",0.00016215413726818,0.703839101579468,0.925225816422311,0.0203562549853503,0.00313361732370037,0.683482846594117,"Scaling","Scaling","Scaling","Buffering"
"54","FOXO3","FOXO3a",0.109213248249446,-0.0477302918012967,2941,"FOXO3..2309.",0.0703030372040813,0.281709016105537,0.000369056931172311,-0.306741329223702,0.000645341065917474,0.588450345329239,"sp.O43524.FOXO3_HUMAN",0.140054348988278,0.303702912986343,0.00164016988662209,-0.302936449970868,0.00520903339588998,0.606639362957212,"Scaling","Scaling","Scaling","Scaling"
"55","GAB2","Gab2",-0.00320772376753273,-0.175158976158243,3003,"GAB2..9846.",0.936848808544851,0.0142234642499171,0.0943236623572453,-0.301241622651632,0.151212839194834,0.315465086901549,"sp.Q9UQC2.GAB2_HUMAN",0.312619637499097,-0.165994016109747,0.0316169355662798,-0.334817596890583,0.37147459044049,0.168823580780836,"Buffering","Scaling","Anti-Scaling","Scaling"
"56","GAPDH","GAPDH",0.256238085010736,-0.425467409537926,3034,"GAPDH..2597.",1.29011481989187e-06,0.449655536807056,0.000552199561239272,-0.312897858788604,1.03857300622907e-10,0.76255339559566,"sp.P04406.G3P_HUMAN",0.000140075705120561,0.376205839221277,0.00717993888329823,-0.216512554921717,1.48420713424422e-07,0.592718394142994,"Scaling","Scaling","Scaling","Buffering"
"57","GATA3","GATA3",0.0287132908753922,-0.121541953809552,3046,"GATA3..2625.",0.181722010344024,0.520633204058537,0.813394122790516,-0.0479438991994972,0.152687652190679,0.568577103258034,"sp.P23771.2.GATA3_HUMAN",0.850433959251997,0.088988757517187,0.748948333135316,0.101235330355915,0.980755781148953,-0.0122465728387283,"Scaling","Buffering","Buffering","Anti-Scaling"
"58","GSK3B","GSK-3-BETA",0.0955316307721038,-0.294799711784837,3297,"GSK3B..2932.",0.00194964314413023,0.269809169122396,0.057826982065231,-0.209125586818104,0.000298632897456122,0.478934755940499,"sp.P49841.2.GSK3B_HUMAN",0.706188949289514,0.0307334258003624,0.0595179147229142,-0.159358007137561,0.0706080007839804,0.190091432937924,"Scaling","Buffering","Buffering","Buffering"
"59","HSPA1A","HSP70",0.000248581512605033,-0.0493254351382937,3591,"HSPA1A..3303.",0.00114756585674804,1.15912943629861,0.00378886878044992,0.830965799520633,0.398386081679123,0.328163636777976,"sp.P08107.HSP71_HUMAN",0.00496556333404176,0.359359447053116,0.938008360491108,0.00800590172081075,0.0140787903596555,0.351353545332305,"Scaling","Anti-Scaling","Scaling","Buffering"
"60","IGFBP2","IGFBP2",-0.319228584113885,0.139764325860837,3680,"IGFBP2..3485.",0.0761716589723851,-0.803994360902658,0.91455521442428,0.0425677344194701,0.12542027724043,-0.846562095322128,"sp.P18065.IBP2_HUMAN",0.455203046175684,-0.190826437825367,0.332983825751785,0.217995597817554,0.194569914154038,-0.408822035642921,"Anti-Scaling","Buffering","Anti-Scaling","Anti-Scaling"
"61","INPP4B","INPP4B",-0.0373788693998811,0.0449909278572239,3747,"INPP4B..8821.",0.73474328925237,-0.206760389301935,0.162713909754882,0.24253826576726,0.465243723023447,-0.449298655069195,"sp.O15327.INP4B_HUMAN",0.906969690572296,0.0617450086428504,0.446435724272917,-0.113142636767675,0.741150326867055,0.174887645410525,"Anti-Scaling","Anti-Scaling","Buffering","Buffering"
"62","IRS1","IRS1",0.131073179740045,-0.0259677290680432,3795,"IRS1..3667.",0.0166043634268766,0.580628876165123,0.310860326681135,0.169313568712267,0.120936585069982,0.411315307452857,"sp.P35568.IRS1_HUMAN",0.223829281977563,0.305934252834533,0.718643854516807,0.0489024550012442,0.335774790692597,0.257031797833289,"Scaling","Anti-Scaling","Scaling","Buffering"
"63","ITGA2","CD49b",0.374113952023044,0.153244664855688,3814,"ITGA2..3673.",0.216748050595082,0.396485958572962,0.00770183684237441,0.628461374289926,0.515773269908293,-0.231975415716965,"sp.P17301.ITA2_HUMAN",0.68355157879221,0.0918058898880907,0.0173843128200683,0.455098640953493,0.168179888199386,-0.363292751065402,"Scaling","Anti-Scaling","Buffering","Anti-Scaling"
"64","JAK2","JAK2",0.147424149276214,-0.172450364259867,3862,"JAK2..3717.",0.227254045618377,0.178479037709666,4.92697479224803e-06,-0.385302772942541,0.000482198885247912,0.563781810652207,"sp.O60674.JAK2_HUMAN",0.260552754050324,0.345270076198417,0.752100252931824,0.0476069750803533,0.341782343998735,0.297663101118064,"Buffering","Scaling","Scaling","Buffering"
"65","LCK","Lck",-0.467344221790772,-0.206102220386485,4114,"LCK..3932.",0.00435924494163455,-0.457482291318718,0.0584285095772234,-0.249522675209764,0.178097436162254,-0.207959616108954,"sp.P06239.3.LCK_HUMAN",0.326729262299683,-0.393851482407177,0.0817176619689488,-0.441059816027626,0.901101093998569,0.0472083336204493,"Anti-Scaling","Buffering","Anti-Scaling","Scaling"
"66","MAP2K1","MEK1",0.114265255841715,-0.195117299588149,4377,"MAP2K1..5604.",0.000278029548847034,0.477271055687372,0.183054798839171,-0.0971710031151325,4.48701151131287e-05,0.574442058802505,"sp.Q02750.MP2K1_HUMAN",0.154320856321612,0.195436279568783,0.00128690965120848,-0.249074453661618,0.00373261251116395,0.4445107332304,"Scaling","Buffering","Buffering","Buffering"
"67","MAPK1","ERK2",0.243522518343524,-0.164653980218317,4405,"MAPK1..5594.",0.000518615362582936,0.628005544272251,0.000397989019302656,-0.30372609319539,3.69979052449689e-06,0.931731637467641,"sp.P28482.MK01_HUMAN",0.0386856680510406,0.384853873580402,0.000437633757740124,-0.260860512926499,0.00134994969129177,0.645714386506901,"Scaling","Scaling","Scaling","Scaling"
"68","MAPK14","p38 alpha MAPK",0.159741513912232,-0.114272892394927,4410,"MAPK14..1432.",9.44001728471419e-05,0.37243083061172,0.000595108385251313,-0.262710843280744,4.03995802710653e-08,0.635141673892464,"sp.Q16539.MK14_HUMAN",0.00692831096041724,0.351041271590907,0.0988127994932243,-0.167999550129276,0.000627501139848199,0.519040821720183,"Scaling","Scaling","Scaling","Buffering"
"69","MAPK14","p38 alpha MAPK",0.159741513912232,-0.114272892394927,4409,"MAPK14..1432.",9.44001728471419e-05,0.37243083061172,0.000595108385251313,-0.262710843280744,4.03995802710653e-08,0.635141673892464,"sp.Q16539.2.MK14_HUMAN",0.0994117467916269,0.326785720168405,0.00938000735362458,-0.308887872881099,0.00331439545647341,0.635673593049504,"Scaling","Scaling","Scaling","Scaling"
"70","MAPK9","JNK2",0.0933118597890159,-0.0808594539898132,4416,"MAPK9..5601.",0.00955759377720726,0.323724318298042,0.0163677853161292,-0.209042703791638,0.000227616903025289,0.532767022089679,"sp.P45984.MK09_HUMAN",0.00220016649387855,0.392600768286436,0.000258936862856134,-0.308574647138718,1.97535464515677e-06,0.701175415425155,"Scaling","Buffering","Scaling","Scaling"
"71","MET","c-Met",0.115832944148514,0.0889082227103009,4553,"MET..4233.",0.00968782809178126,0.632179442042662,0.480744668696021,0.215478128417701,0.181582719604937,0.41670131362496,"sp.P08581.MET_HUMAN",0.614402453226133,0.0757923454491912,0.953734929421629,0.0111649172945995,0.737330355180574,0.0646274281545916,"Scaling","Anti-Scaling","Buffering","Buffering"
"72","MS4A1","CD20 ",-0.0457175594188318,-0.0593574612289411,4809,"MS4A1..931.",0.933607695170113,-0.0190164595896491,0.405998390373843,-0.124092661336329,0.662672970793325,0.10507620174668,"sp.P11836.CD20_HUMAN",0.903550044693619,-0.0593746909810105,0.842779372277342,-0.100840676480166,0.946506148904265,0.0414659854991553,"Buffering","Buffering","Buffering","Buffering"
"73","MSH2","MSH2",0.14986167332518,-0.101842462735426,4813,"MSH2..4436.",0.0670174092313417,0.180950643335945,0.0250741325381363,-0.255330822787442,0.0018941151851473,0.436281466123387,"sp.P43246.MSH2_HUMAN",0.00230109733793773,0.221369929663092,0.143095751642319,-0.144198983085075,0.00117596966032312,0.365568912748167,"Buffering","Scaling","Buffering","Buffering"
"74","MSH6","MSH6",0.207816056031164,-0.239970933766816,4815,"MSH6..2956.",0.0646668686905538,0.197352222450111,0.0742987590238079,-0.201524280144321,0.00356812210187752,0.398876502594432,"sp.P52701.MSH6_HUMAN",0.00086763066220443,0.290945365477299,0.164271066785022,-0.143378111462521,0.000441999714946009,0.434323476939821,"Buffering","Buffering","Scaling","Buffering"
"75","MTOR","mTOR",0.137780950966956,-0.0526865971483433,4869,"MTOR..2475.",0.00220724158698989,0.337928790339967,0.00203971622385082,-0.210912818631904,9.5326781221825e-06,0.548841608971871,"sp.P42345.MTOR_HUMAN",0.10497288067469,-0.125551827550228,0.0674913108270412,-0.103120480436845,0.790986903178732,-0.0224313471133833,"Scaling","Buffering","Anti-Scaling","Buffering"
"76","MYC","c-Myc",-0.0601199282311754,0.0086452419077135,4908,"MYC..4609.",0.292104998118487,0.161329410235286,0.840749095326768,0.0441343174622606,0.614117447966959,0.117195092773025,"sp.P01106.2.MYC_HUMAN",0.805647253567188,-0.0264287837069255,0.0908149573531821,0.314686682340257,0.077691294779929,-0.341115466047182,"Buffering","Buffering","Buffering","Anti-Scaling"
"77","MYH11","MYH11",-0.0474670830434782,-0.0477922086090891,4916,"MYH11..4629.",0.196573245848472,0.112788078910824,0.000342793191449363,-0.141073365478539,0.0046432058978269,0.253861444389363,"sp.P35749.2.MYH11_HUMAN",0.488430867221617,0.141295241599467,0.748092557628924,0.0334562514301046,0.608371889640064,0.107838990169362,"Buffering","Buffering","Buffering","Buffering"
"78","NF2","NF2",0.319562468593663,-0.35570334396626,5147,"NF2..4771.",0.00172704046517397,0.661888066814111,7.05309325850165e-08,-0.621124538131784,3.24552899514245e-07,1.2830126049459,"sp.P35240.MERL_HUMAN",0.153849775691498,0.221865100562752,1.10352299083418e-06,-0.48202474057639,0.000104533554669895,0.703889841139142,"Scaling","Scaling","Buffering","Scaling"
"79","NOTCH1","Notch1",0.0801340039100684,-0.177944039087475,5257,"NOTCH1..4851.",0.668256440626944,-0.0753981911325265,0.00017041588841454,-0.488633877246401,0.0327526697732532,0.413235686113875,"sp.P46531.NOTC1_HUMAN",0.358526121360676,-0.108840454671899,0.0128064483144235,-0.244403693089959,0.301662682709975,0.13556323841806,"Buffering","Scaling","Anti-Scaling","Buffering"
"80","NRAS","N-Ras",-0.00667511946094108,-0.00541557925399356,5294,"NRAS..4893.",0.000682320132627176,0.384331606559631,0.0571717958392445,-0.204993264447063,3.87300315735326e-05,0.589324871006695,"sp.P01111.RASN_HUMAN",0.0702816063228958,0.222334516662364,0.720777377345693,0.0290440399566408,0.156183704450374,0.193290476705723,"Scaling","Buffering","Buffering","Buffering"
"81","NRG1","Heregulin",0.0273244629608622,0.0437218020456336,5301,"NRG1..3084.",0.444226830789192,0.399166830142156,0.554584771859508,0.145952149596824,0.623777705568742,0.253214680545333,"sp.Q02297.2.NRG1_HUMAN",0.515717118062224,0.307876575448655,0.873690413756212,-0.0338922543664273,0.459772805370293,0.341768829815082,"Scaling","Anti-Scaling","Scaling","Buffering"
"82","PARK7","DJ-1",0.026091450966956,-0.100250725603628,5541,"PARK7..11315.",0.00857632799412245,0.278083179445195,0.0667987149092648,-0.141535030239949,0.000141237357266333,0.419618209685144,"sp.Q99497.PARK7_HUMAN",0.63348150606093,0.0691342820832013,0.266648329767839,-0.0988160315750317,0.282166598078906,0.167950313658233,"Scaling","Buffering","Buffering","Buffering"
"83","PCNA","PCNA",0.0734289567895226,-0.255095006872852,5600,"PCNA..5111.",4.34691724373647e-05,0.380992928252669,4.42003095381504e-08,-0.512028066037673,3.28466230642356e-15,0.893020994290342,"sp.P12004.PCNA_HUMAN",0.0788868194160889,0.119684380464783,0.000130790115254038,-0.280307719170952,6.74969322399836e-07,0.399992099635735,"Scaling","Scaling","Buffering","Scaling"
"84","PDCD4","PDCD4",0.222841609841828,-0.407665437402267,5620,"PDCD4..27250.",0.18494929155392,0.414432852621682,0.00087584819873283,-0.4173447304447,0.0133380822744614,0.831777583066382,"sp.Q53EL6.PDCD4_HUMAN",0.173216519096028,0.358669144689897,0.000742092044886192,-0.342569125589525,0.0126803659207438,0.701238270279423,"Scaling","Scaling","Scaling","Scaling"
"85","PDK1","PDK1",-0.0498955948215391,-0.0277831000713933,5649,"PDK1..5163.",0.248052148130963,0.179490288087398,0.0562858269572237,-0.235594014213107,0.0238216238355683,0.415084302300505,"sp.Q15118.PDK1_HUMAN",0.403185759137618,0.0937139512654142,0.0180823227312453,-0.227417133144751,0.0172157680915761,0.321131084410165,"Buffering","Buffering","Buffering","Buffering"
"86","PEA15","PEA15",0.0433403209640122,0.0725294862587307,5673,"PEA15..8682.",0.583569877898086,0.0771061018373835,0.965974669588707,0.00784493506296169,0.736963683280173,0.0692611667744218,"sp.Q15121.PEA15_HUMAN",0.720462912647598,0.0422646659044068,0.152665462420337,-0.239664825956146,0.126318921183719,0.281929491860553,"Buffering","Buffering","Buffering","Buffering"
"87","PECAM1","CD31",-0.0846054395898709,-0.0409558785324885,5677,"PECAM1..5175.",0.000420124273922793,-0.452493278588163,0.050702218968368,-0.309310172231114,0.352424318135287,-0.143183106357049,"sp.P16284.PECA1_HUMAN",0.00106684900885719,-0.832991851866433,0.293590295500102,-0.436007526865592,0.347910068196118,-0.396984325000841,"Anti-Scaling","Scaling","Anti-Scaling","Scaling"
"88","PIK3CA","PI3K-p110-alpha",0.0374293487708814,-0.153987795717796,5809,"PIK3CA..5290.",0.00151606075019803,0.222183403719525,0.000473559906719136,-0.398403964563935,8.47603100751696e-07,0.62058736828346,"sp.P42336.PK3CA_HUMAN",0.868207494649334,-0.0137933441965658,0.0767924356523018,-0.205299735654936,0.131202004167975,0.191506391458371,"Buffering","Scaling","Buffering","Buffering"
"89","PIK3R1","PI3K-p85",-0.0200691393334733,-0.212223062988115,5813,"PIK3R1..5295.",0.947863471255145,0.0105992542319213,0.577453217876106,-0.071278350071724,0.65812488355162,0.0818776043036453,"sp.P27986.P85A_HUMAN",0.973957312709501,-0.00425138672517671,0.237077818561828,-0.125882685676215,0.417066937067446,0.121631298951038,"Buffering","Buffering","Buffering","Buffering"
"90","PRDX1","PRDX1",0.0607326786203747,-0.129664470899211,6156,"PRDX1..5052.",0.172557076126586,0.268473739699415,0.731644523709675,-0.0417767989627311,0.141782112233722,0.310250538662146,"sp.Q06830.PRDX1_HUMAN",0.841501342432422,0.0374686421286221,0.0987940975753181,-0.167792087735704,0.296518932862531,0.205260729864326,"Scaling","Buffering","Buffering","Buffering"
"91","PREX1","PREX1",0.0251133320805468,-0.0801022386858718,6165,"PREX1..57580.",0.0626016548091633,0.367579094058368,0.920803800556188,0.0458301135361827,0.496235920785009,0.321748980522185,"sp.Q8TCU6.PREX1_HUMAN",0.842653109432227,0.0323706172841047,0.993938547833462,0.00217614410546703,0.920528474102263,0.0301944731786376,"Scaling","Buffering","Buffering","Buffering"
"92","PRKAA1","AMPK_alpha",0.0816822484244593,-0.0583261396761134,6171,"PRKAA1..5562.",4.60446776428033e-15,0.549788183220689,0.0647730976190322,-0.29635570613854,4.75453247051608e-06,0.846143889359229,"sp.Q13131.2.AAPK1_HUMAN",0.23777913920027,0.0831774519890279,0.211992416411019,-0.119312137014795,0.0546821198053825,0.202489589003823,"Scaling","Scaling","Buffering","Buffering"
"93","PRKCA","PKC-alpha",0.180127290090463,-0.0620452782525418,6185,"PRKCA..5578.",0.000279701181991357,0.761641512449407,0.327448779153915,-0.229107360090163,0.000697762115274775,0.99074887253957,"sp.P17252.KPCA_HUMAN",0.00108352523235679,0.570076496996186,0.222322736044237,-0.26023819545648,0.00120283903153466,0.830314692452666,"Scaling","Buffering","Scaling","Scaling"
"94","PTEN","PTEN",-0.0558214413200547,-0.497864377890483,6322,"PTEN..5728.",0.0587486995580769,0.366497673631526,4.42207041301263e-06,-0.545000116083272,5.62090377479259e-05,0.911497789714798,"sp.P60484.PTEN_HUMAN",0.917621181145307,0.0464795855494316,0.00927936761584168,-0.350889874821642,0.39005548816077,0.397369460371073,"Scaling","Scaling","Buffering","Scaling"
"95","PXN","Paxillin",0.0887872796094694,-0.0427059685386787,6399,"PXN..5829.",0.136672891514833,0.308774357181608,0.597022825656766,0.0929903852580791,0.367724642171841,0.215783971923529,"sp.P49023.PAXI_HUMAN",0.287099026165545,-0.164341663088019,0.487191491748755,-0.104235415751812,0.758274741616401,-0.0601062473362073,"Scaling","Buffering","Anti-Scaling","Buffering"
"96","PXN","Paxillin",0.0887872796094694,-0.0427059685386787,6400,"PXN..5829.",0.136672891514833,0.308774357181608,0.597022825656766,0.0929903852580791,0.367724642171841,0.215783971923529,"sp.P49023.3.PAXI_HUMAN",0.089617377862045,0.269076241377434,0.253846501798454,-0.138964169580635,0.0244980894283097,0.408040410958068,"Scaling","Buffering","Scaling","Buffering"
"97","RAB25","Rab25",0.024482638450282,0.0507440205929247,6449,"RAB25..57111.",0.317420622031785,-0.406851102905919,0.186320333093298,-0.713533118022786,0.612088736313422,0.306682015116866,"sp.P57735.RAB25_HUMAN",0.387526082449989,-0.250814528208255,0.425142211582743,-0.277714558378998,0.947169898195992,0.0269000301707427,"Anti-Scaling","Scaling","Anti-Scaling","Scaling"
"98","RAD50","Rad50",0.0242855086701894,-0.0548655258064516,6509,"RAD50..10111.",7.53545022238146e-06,0.518341429610704,0.000298746404938296,-0.287532661722453,9.59372307113498e-10,0.805874091333157,"sp.Q92878.2.RAD50_HUMAN",0.388690479964187,0.0788060068191001,0.513078021349737,0.0425012129856087,0.714677426102857,0.0363047938334914,"Scaling","Scaling","Buffering","Buffering"
"99","RAD51","RAD51",0.0100721020014223,-0.124052848224822,6510,"RAD51..5888.",0.320130190392875,0.122373079546923,0.000839315049472167,-0.283486389103001,0.00416120752771468,0.405859468649925,"sp.Q06609.3.RAD51_HUMAN",0.307166321887714,-0.245682309991493,0.0768770750837817,-0.16113086281949,0.730601903939078,-0.0845514471720024,"Buffering","Scaling","Anti-Scaling","Buffering"
"100","RAF1","C-Raf",0.160129205574913,-0.394371212047212,6519,"RAF1..5894.",0.000308942085454766,0.468943372059821,3.57807341412933e-12,-0.458511139761726,1.96098810674723e-08,0.927454511821547,"sp.P04049.RAF1_HUMAN",0.298423334458121,0.118491376359466,8.09606039836774e-09,-0.382803048129115,0.000204645638254977,0.501294424488581,"Scaling","Scaling","Buffering","Scaling"
"101","RB1","Rb",-0.0140658347188616,-0.295366011630786,6574,"RB1..5925.",0.780314627422691,0.0518242533566529,1.54031373339713e-07,-0.532039895294619,0.00322556665280359,0.583864148651272,"sp.P06400.RB_HUMAN",0.882875019167838,0.0319271472841509,0.00154691943382813,-0.289037762156283,0.143338359796691,0.320964909440433,"Buffering","Scaling","Buffering","Scaling"
"102","RBM15","RBM15",0.0986783841175574,-0.101400487796707,6591,"RBM15..64783.",0.0358623789417862,0.211736940083443,0.00547845633261777,-0.193585757321287,0.000401203871165567,0.40532269740473,"sp.Q96T37.RBM15_HUMAN",0.019742079694725,0.254389007029838,0.823164500257304,0.013025615581907,0.0384071044763744,0.241363391447931,"Buffering","Buffering","Scaling","Buffering"
"103","RICTOR","Rictor",0.26169453301757,-0.0728724287449392,6721,"RICTOR..253260.",1.71598612961331e-19,0.591808357881599,0.0668508092441496,-0.248028552001552,2.30493869862191e-07,0.839836909883151,"sp.Q6R327.3.RICTR_HUMAN",2.45408421165195e-09,0.286178401902217,0.587256395157734,-0.0470658796385446,0.000471618585797838,0.333244281540761,"Scaling","Buffering","Scaling","Buffering"
"104","RPS6KB1","p70S6K",0.20393423250227,-0.301964498703403,6920,"RPS6KB1..6198.",0.00121765306708593,0.305265979662045,0.00504665101432546,-0.26376919440509,3.27189266529428e-06,0.569035174067135,"sp.P23443.KS6B1_HUMAN",0.0127168245426842,0.250023002701863,0.0245800710260292,-0.215699823210273,0.000273052279261031,0.465722825912137,"Scaling","Scaling","Scaling","Buffering"
"105","RPTOR","Raptor",0.14220580057933,-0.086656886267865,6927,"RPTOR..57521.",0.000977827328286099,0.257611995772247,0.0347613915363504,-0.189436297529172,2.96634787860413e-05,0.447048293301419,"sp.Q8N122.RPTOR_HUMAN",0.382605486590709,0.0581692890473925,0.0076907412125601,-0.175272641039955,0.00622683264401644,0.233441930087348,"Scaling","Buffering","Buffering","Buffering"
"106","SCD","SCD1",-0.0764450313610623,-0.0638394689813598,7072,"SCD..6319.",0.949762146003386,-0.014910732879506,0.0540233909675526,-0.323735059650748,0.240099214167967,0.308824326771242,"sp.O00767.ACOD_HUMAN",0.388863772688942,0.286154383097814,0.868931745531207,0.0214773795751548,0.433516216887851,0.264677003522659,"Buffering","Scaling","Scaling","Buffering"
"107","SERPINE1","PAI-1",0.370258031325792,0.535399265649021,7183,"SERPINE1..5054.",0.0931318282958356,0.625888450569354,0.056558372187925,1.02787880785845,0.484950473559772,-0.401990357289093,"sp.P05121.PAI1_HUMAN",0.268803573709035,0.224487380067862,0.15088154845513,0.421285400721011,0.531263402689957,-0.196798020653149,"Scaling","Anti-Scaling","Buffering","Anti-Scaling"
"108","SETD2","SETD2",0.070300355964337,0.132846916523019,7196,"SETD2..29072.",0.204127830816916,0.172986034152077,3.02886435670933e-15,-0.433829931653359,0.000244856054013026,0.606815965805436,"sp.Q9BYW2.SETD2_HUMAN",0.164342158524953,0.183022831840421,0.0723074377446228,-0.0936616138508036,0.0459252711217041,0.276684445691225,"Buffering","Scaling","Buffering","Buffering"
"109","SMAD1","Smad1",0.089640750802139,-0.124034892951992,7476,"SMAD1..4086.",0.641482094211106,0.224331277168874,0.0582939424178334,-0.22255002015616,0.357718791077138,0.446881297325035,"sp.Q15797.SMAD1_HUMAN",0.479980220596326,0.138555217048535,0.0040441041807975,-0.176240642048383,0.119766314585426,0.314795859096918,"Buffering","Buffering","Buffering","Buffering"
"110","SMAD3","Smad3",0.113403211012903,-0.0293339202088169,7478,"SMAD3..4088.",0.0229952734760531,0.742795528107574,0.314948586995823,0.145266636654428,0.0682239758567834,0.597528891453146,"sp.P84022.SMAD3_HUMAN",0.00121385058560016,0.592736965923999,0.810336311373718,-0.0238233898514816,0.0010747620387371,0.616560355775481,"Scaling","Anti-Scaling","Scaling","Buffering"
"111","SMAD4","Smad4",0.155190011195487,-0.141330736058781,7479,"SMAD4..4089.",5.0772660073939e-06,0.761950991188762,2.16795655895543e-17,-0.957802607152519,1.85471466349335e-14,1.71975359834128,"sp.Q13485.SMAD4_HUMAN",0.00270246969748213,0.482098422625031,1.11987915797219e-13,-0.656102043542775,2.78314357970475e-08,1.13820046616781,"Scaling","Scaling","Scaling","Scaling"
"112","SQSTM1","p62 Lck ligand",0.533696378798573,-0.213671973005093,7706,"SQSTM1..8878.",0.000558905196581063,0.737530579302096,0.997454825590354,-0.000460139140971982,0.00150310135835944,0.737990718443068,"sp.Q13501.SQSTM_HUMAN",0.0216171066651133,0.449132856423601,0.537620482857119,-0.0785128158837303,0.0129325285592384,0.527645672307331,"Scaling","Buffering","Scaling","Buffering"
"113","SRC","Src",0.395794809779105,-0.0226286940072906,7709,"SRC..6714.",4.58077662877885e-05,0.638464555064343,0.477029321240844,-0.147358199133032,0.000783937518151506,0.785822754197376,"sp.P12931.2.SRC_HUMAN",0.000343431380662702,0.289974240565525,0.177645825275721,-0.181234758059007,0.00145383174586596,0.471208998624532,"Scaling","Buffering","Scaling","Buffering"
"114","SRSF1","SF2",-0.0143286836902422,-0.0647451795638721,7735,"SRSF1..6426.",0.161735376421577,0.0974223422244069,0.164561711106781,-0.0865558766041632,0.0238821479040838,0.18397821882857,"sp.Q07955.SRSF1_HUMAN",0.60828621999004,0.0423828715028224,0.550846489172476,0.0500332234920014,0.94237011711108,-0.00765035198917895,"Buffering","Buffering","Buffering","Buffering"
"115","STAT3","STAT3",0.0799393331839028,-0.14290554437896,7790,"STAT3..6774.",0.201335467074858,0.192149338269968,0.604947259962252,-0.069500713339167,0.162421139796487,0.261650051609135,"tr.K7ENL3.K7ENL3_HUMAN",0.071789329419657,0.495169869913054,0.58578455682353,-0.176468035544455,0.0676220579655935,0.67163790545751,"Buffering","Buffering","Scaling","Buffering"
"116","STAT3","STAT3",0.0799393331839028,-0.14290554437896,7791,"STAT3..6774.",0.201335467074858,0.192149338269968,0.604947259962252,-0.069500713339167,0.162421139796487,0.261650051609135,"sp.P40763.2.STAT3_HUMAN",0.388067334605382,0.0866427954299671,0.0369589091412251,-0.274518272174324,0.0175072099507636,0.361161067604292,"Buffering","Buffering","Buffering","Scaling"
"117","STAT5A","STAT5-alpha",-0.235306168902376,-0.284428457683807,7792,"STAT5A..6776.",0.322279954696655,-0.231465868549251,0.243244788306711,-0.262785925055596,0.913447812536752,0.031320056506345,"sp.P42229.STA5A_HUMAN",0.416213647545969,0.0915516407115986,0.00290129618314161,-0.359304944385366,0.00200307880572918,0.450856585096964,"Anti-Scaling","Scaling","Buffering","Scaling"
"118","STMN1","Stathmin",-0.0337331380386782,-0.148879071593741,7824,"STMN1..3925.",0.00502743336711418,0.506917423167915,3.448199750607e-05,-0.41224222008826,4.16224122182224e-06,0.919159643256174,"sp.P16949.STMN1_HUMAN",0.334248107764348,0.214506170233576,0.00102082260957521,-0.407323081772765,0.00894689080268088,0.621829252006341,"Scaling","Scaling","Buffering","Scaling"
"119","SYK","Syk",-0.133701558651026,-0.561272364138332,7915,"SYK..6850.",0.672325638823485,-0.14680853826734,0.0753322101374132,-0.439119751805513,0.425577175718116,0.292311213538173,"sp.P43405.KSYK_HUMAN",0.933075194500374,-0.0209772125602104,0.0567477504787862,-0.318235855805299,0.258475811565378,0.297258643245089,"Anti-Scaling","Scaling","Buffering","Scaling"
"120","TFRC","TFRC",0.274269053807891,-0.0971917493638118,8121,"TFRC..7037.",0.00642053117102285,0.29015391487894,0.122571513050005,-0.260270597428193,0.00328620621497918,0.550424512307133,"sp.P02786.TFR1_HUMAN",0.0300567610241485,0.225387534695478,0.969838913480572,-0.00482278885778256,0.124437041221984,0.230210323553261,"Scaling","Scaling","Buffering","Buffering"
"121","TGM2","Transglutaminase",0.424494405792296,-0.0634946482617585,8134,"TGM2..7052.",6.44873505022925e-06,1.40355881307027,0.524921203008606,0.389606096869023,0.112345857374186,1.01395271620125,"sp.P21980.TGM2_HUMAN",0.000187264855216226,0.72164347810641,0.56584562887874,0.235601133021012,0.253991021597851,0.486042345085398,"Scaling","Anti-Scaling","Scaling","Anti-Scaling"
"122","TP53","p53",0.180247008295948,-0.0249346949389962,8411,"TP53..7157.",0.516484331157038,0.154350419010241,0.00010869501833979,-0.566646147574389,0.00490204490442108,0.720996566584629,"sp.P04637.P53_HUMAN",0.42260930197011,0.268068915477798,0.525141957366399,0.108374489674623,0.640403010084358,0.159694425803175,"Buffering","Scaling","Scaling","Anti-Scaling"
"123","TP53BP1","53BP1",0.0456309261150056,-0.100054984518479,8412,"TP53BP1..7158.",0.40381256098635,0.143932858345041,1.77034850326199e-05,-0.307711215164817,0.014992264075635,0.451644073509858,"sp.Q12888.TP53B_HUMAN",0.483211004307898,0.125928839252307,0.298884734001081,-0.0792586087872419,0.267314123944788,0.205187448039549,"Buffering","Scaling","Buffering","Buffering"
"124","TSC1","TSC1",-0.112837134734441,-0.0576475647098712,8563,"TSC1..7248.",0.000350224678472213,0.284120981671964,3.29661905987948e-07,-0.315196473799181,2.38725392972203e-10,0.599317455471145,"sp.Q92574.TSC1_HUMAN",0.200185426667894,0.134030492512297,6.71950023305581e-05,-0.284053581628232,0.000409693287347179,0.418084074140528,"Scaling","Scaling","Buffering","Scaling"
"125","TSC2","Tuberin",0.0433258508695652,-0.262666129899666,8564,"TSC2..7249.",0.00055330394350838,0.366178607730681,2.89118766104231e-06,-0.340881154658371,1.71348617664591e-08,0.707059762389052,"sp.P49815.TSC2_HUMAN",0.730129922681263,-0.0314259992843885,0.0314110659886702,-0.15516727427543,0.226267210437318,0.123741274991041,"Scaling","Scaling","Buffering","Buffering"
"126","TTF1","TTF1",-0.0250974187438905,-0.0113698400174369,8625,"TTF1..7270.",0.0321962041817448,0.169742700915734,1.54066353755235e-08,-0.35201226021779,2.37734526670654e-08,0.521754961133524,"sp.Q15361.TTF1_HUMAN",0.186430145547836,0.105807999946792,0.0104123721476106,-0.156528680571386,0.003801784646116,0.262336680518179,"Buffering","Scaling","Buffering","Buffering"
"127","VAV1","VAV1",-0.0563308583306474,-0.797770843534409,8904,"VAV1..7409.",0.49343381797823,0.413926591554924,0.385936422728354,-0.180182352132993,0.329794659370958,0.594108943687917,"sp.P15498.VAV_HUMAN",0.0985017680237942,1.26950352277499,0.137630715903397,-0.247333445762134,0.0545941519668255,1.51683696853712,"Scaling","Buffering","Scaling","Buffering"
"128","VDAC1","Porin",-0.0857072171648767,-0.0934141470288625,8913,"VDAC1..7416.",1.63094712425953e-06,0.461566251717496,4.40925432860531e-05,-0.311521213533789,3.03169507868566e-11,0.773087465251285,"sp.P21796.VDAC1_HUMAN",0.00167502373867995,0.307884809742925,0.0409003305461983,-0.146941317540662,6.48468249425724e-05,0.454826127283587,"Scaling","Scaling","Scaling","Buffering"
"129","VHL","VHL",0.0124298711826193,0.979243585517968,8922,"VHL..7428.",0.318141209858711,0.144003530247042,7.97635448173017e-12,-0.595495475718763,5.54016026202672e-05,0.739499005965805,"sp.P40337.VHL_HUMAN",0.865058864399004,-0.0514681943534677,2.42896092783732e-06,-0.501316029526721,0.162655691560691,0.449847835173253,"Buffering","Scaling","Buffering","Scaling"
"130","WWTR1","TAZ",0.11933726969306,-0.00271434670059669,9066,"WWTR1..25937.",0.00823063659670249,0.700883861751045,0.896161560109956,-0.0427552646832448,0.0468848756569343,0.74363912643429,"sp.Q9GZV5.WWTR1_HUMAN",0.0239976180119118,0.368137688511466,0.953987402466874,-0.0103403798349872,0.0647673697721774,0.378478068346453,"Scaling","Buffering","Scaling","Buffering"
"131","XRCC1","XRCC1",0.132138645523321,-0.0470592058928012,9083,"XRCC1..7515.",0.000159002520345191,0.366010929099638,0.000715100081326667,-0.248997550692828,2.63045235528263e-08,0.615008479792467,"sp.P18887.XRCC1_HUMAN",0.00419850753658628,0.199516316971311,0.225117653769388,-0.0604764543396445,0.000546810484582741,0.259992771310955,"Scaling","Buffering","Buffering","Buffering"
"132","XRCC5","Ku80",0.204510350216629,-0.109802773738261,9086,"XRCC5..7520.",0.0348245246608986,0.204433300873273,0.0127468881020605,-0.21271604395742,0.000547649542015818,0.417149344830693,"sp.P13010.XRCC5_HUMAN",0.0826323951489727,0.130184693412353,0.0418845523336907,-0.102716588115237,0.00583407813051045,0.23290128152759,"Buffering","Buffering","Buffering","Buffering"
"133","YAP1","YAP",0.220481935018051,-0.0716231639402828,9095,"YAP1..10413.",0.0369520421826128,0.632232558194461,0.29834222905115,0.210282679637298,0.166930454604097,0.421949878557164,"sp.P46937.7.YAP1_HUMAN",0.0344443234405588,0.428621814914492,0.789974612501747,-0.039658929321756,0.0207775364063205,0.468280744236247,"Scaling","Anti-Scaling","Scaling","Buffering"
"134","YAP1","YAP",0.220481935018051,-0.0716231639402828,9096,"YAP1..10413.",0.0369520421826128,0.632232558194461,0.29834222905115,0.210282679637298,0.166930454604097,0.421949878557164,"sp.P46937.8.YAP1_HUMAN",0.0441829657242427,0.406080088320675,0.462926705530111,0.100725596651369,0.133627454664176,0.305354491669306,"Scaling","Anti-Scaling","Scaling","Anti-Scaling"
"135","YBX1","YB-1",0.0680233940916705,-0.00389633746782692,9100,"YBX1..4904.",0.000525539106398258,0.379663225325622,5.41165816086375e-08,-0.435159680328313,1.64811530882223e-09,0.814822905653935,"sp.P67809.YBOX1_HUMAN",0.66308868785181,0.0442784196555123,0.000592266313789675,-0.196817375825368,0.0270062702891153,0.24109579548088,"Scaling","Scaling","Buffering","Buffering"
"136","YWHAB","14-3-3_beta",0.0769059528731185,-0.0869608754334489,9126,"YWHAB..7529.",5.69545249160209e-16,0.465716243447616,0.0101666200100232,-0.303184816177398,2.58382907973005e-07,0.768901059625015,"sp.P31946.1433B_HUMAN",1.43398137329353e-05,0.257803675086269,0.150686884364005,-0.147832807563659,0.00049186615755481,0.405636482649928,"Scaling","Scaling","Scaling","Buffering"
"137","YWHAE","14-3-3_epsilon",-0.0305039892473118,-0.0647647969782814,9127,"YWHAE..7531.",0.000243540861101879,0.320113520708997,2.47768454033355e-16,-0.521378693532533,2.79765443948845e-14,0.84149221424153,"sp.P62258.1433E_HUMAN",0.000413450004407801,0.297909714930202,0.000128075622598559,-0.210759436358769,5.70380312832021e-08,0.508669151288972,"Scaling","Scaling","Scaling","Buffering"
"138","YWHAZ","14-3-3_zeta",0.275250883809688,-0.210964067579201,9131,"YWHAZ..7534.",3.16233113551816e-07,0.380024181765222,0.00117379482220353,-0.418185162913975,3.94219187022544e-08,0.798209344679197,"sp.P63104.1433Z_HUMAN",9.01900988415908e-05,0.27252909463603,0.000404768951637757,-0.432792207245747,2.02563679735195e-07,0.705321301881778,"Scaling","Scaling","Scaling","Scaling"
